age,duration,amount,savings,employment,credit_history,purpose,housing,existing_credits,target
56,36,2204,little,4-7yr,critical,repairs,rent,1,1
69,12,7424,none,1-4yr,paid,business,own,2,1
46,36,862,none,>7yr,critical,education,own,2,0
32,48,3104,quite_rich,4-7yr,existing_paid,car,own,3,1
60,18,10408,little,1-4yr,critical,repairs,own,2,0
25,18,13981,none,1-4yr,critical,car,own,2,0
38,18,13143,moderate,<1yr,existing_paid,repairs,rent,4,1
56,18,4786,moderate,>7yr,existing_paid,furniture,own,1,1
36,60,4238,moderate,4-7yr,existing_paid,car,rent,3,1
40,6,2969,little,>7yr,existing_paid,furniture,rent,2,1
28,60,5295,little,4-7yr,critical,car,rent,2,0
28,60,6650,little,1-4yr,existing_paid,education,own,2,0
41,60,14968,none,<1yr,existing_paid,business,own,2,0
70,18,1056,moderate,4-7yr,existing_paid,other,rent,1,1
53,48,9517,quite_rich,4-7yr,critical,other,rent,2,0
57,24,3308,moderate,>7yr,existing_paid,other,own,2,1
41,24,5650,quite_rich,1-4yr,no_credits,furniture,own,3,0
20,6,13213,little,1-4yr,paid,repairs,own,2,0
39,18,8061,moderate,4-7yr,critical,other,free,4,1
70,18,3219,little,4-7yr,delayed,education,rent,2,1
19,18,7006,moderate,4-7yr,existing_paid,other,own,2,1
41,36,12200,little,4-7yr,existing_paid,car,free,3,0
61,12,4241,none,1-4yr,existing_paid,furniture,free,2,0
47,36,10266,little,4-7yr,existing_paid,car,own,4,0
55,12,4498,rich,4-7yr,critical,car,rent,2,0
19,18,10821,little,>7yr,critical,car,rent,2,0
38,18,2903,none,>7yr,existing_paid,business,own,1,1
50,36,12021,little,1-4yr,critical,business,rent,2,0
29,36,9280,quite_rich,1-4yr,existing_paid,repairs,own,1,0
39,12,10704,moderate,>7yr,critical,furniture,own,2,1
61,24,10239,moderate,1-4yr,critical,education,own,1,0
42,12,794,none,>7yr,existing_paid,education,own,1,1
66,36,10677,moderate,<1yr,critical,education,own,1,0
44,48,5843,little,4-7yr,existing_paid,car,own,1,1
59,36,14336,quite_rich,>7yr,existing_paid,business,rent,1,1
45,48,11809,moderate,>7yr,existing_paid,furniture,own,3,1
33,6,10382,none,1-4yr,existing_paid,car,rent,3,1
32,36,1636,none,4-7yr,critical,business,own,2,1
64,6,14044,none,1-4yr,critical,business,rent,3,0
68,24,2564,little,<1yr,existing_paid,other,rent,1,0
61,12,13147,little,4-7yr,critical,other,own,3,0
72,48,7509,moderate,4-7yr,critical,furniture,rent,1,0
69,12,13487,little,>7yr,existing_paid,furniture,own,1,1
74,6,5043,little,1-4yr,existing_paid,furniture,rent,2,0
20,48,13462,none,1-4yr,existing_paid,car,own,1,0
54,12,1507,none,unemployed,delayed,repairs,free,2,0
68,36,5945,quite_rich,1-4yr,critical,furniture,rent,1,0
24,18,11206,little,1-4yr,existing_paid,other,own,3,1
38,6,12218,moderate,4-7yr,critical,repairs,own,2,1
26,12,13373,quite_rich,1-4yr,delayed,car,rent,1,0
56,6,5852,moderate,>7yr,existing_paid,repairs,own,2,1
35,60,9939,quite_rich,>7yr,existing_paid,education,own,1,1
21,6,13781,little,4-7yr,existing_paid,repairs,own,2,1
42,48,12594,rich,>7yr,paid,furniture,own,1,1
31,60,1935,none,4-7yr,existing_paid,car,rent,2,1
67,48,1071,none,1-4yr,no_credits,furniture,own,2,0
26,18,2882,moderate,<1yr,existing_paid,other,own,1,1
43,60,9937,rich,1-4yr,existing_paid,education,rent,4,1
70,36,10776,quite_rich,4-7yr,critical,other,rent,3,0
19,6,5584,none,>7yr,existing_paid,furniture,own,2,1
37,12,777,little,1-4yr,delayed,furniture,own,2,0
45,24,14007,rich,>7yr,existing_paid,furniture,rent,1,1
64,6,7559,little,4-7yr,existing_paid,business,rent,2,1
24,6,2387,quite_rich,<1yr,critical,education,own,1,1
61,18,13271,quite_rich,>7yr,paid,furniture,own,1,1
25,36,1765,little,1-4yr,existing_paid,furniture,own,4,0
64,24,7991,little,1-4yr,critical,other,own,2,0
52,60,13518,little,4-7yr,existing_paid,other,own,2,1
31,60,1540,little,<1yr,paid,furniture,rent,1,0
34,60,9609,quite_rich,4-7yr,existing_paid,car,own,2,1
53,48,8573,little,1-4yr,existing_paid,business,rent,1,0
67,48,9577,quite_rich,1-4yr,existing_paid,other,own,1,1
57,12,3252,none,>7yr,existing_paid,car,rent,1,1
21,24,8713,rich,1-4yr,critical,business,rent,2,0
19,60,5069,little,1-4yr,critical,furniture,own,2,0
23,48,11883,none,1-4yr,delayed,education,own,1,0
71,12,6853,none,>7yr,existing_paid,repairs,own,2,1
59,36,2853,moderate,<1yr,critical,repairs,rent,1,0
21,12,7937,moderate,1-4yr,existing_paid,furniture,rent,2,1
71,48,5299,quite_rich,unemployed,critical,other,own,4,0
46,18,1186,none,unemployed,critical,car,own,2,1
35,18,8976,none,>7yr,critical,education,own,3,0
43,60,5311,moderate,4-7yr,existing_paid,business,rent,4,1
61,18,12439,little,1-4yr,existing_paid,furniture,own,2,1
51,60,9454,little,4-7yr,existing_paid,education,own,2,0
27,60,5846,rich,1-4yr,critical,education,own,3,0
53,48,5543,rich,>7yr,no_credits,other,own,1,1
31,18,2928,rich,>7yr,critical,business,rent,1,1
48,60,11199,quite_rich,1-4yr,existing_paid,education,own,4,1
65,24,5626,little,>7yr,existing_paid,other,free,2,0
32,36,8720,little,4-7yr,existing_paid,car,own,1,1
25,12,9598,moderate,1-4yr,no_credits,other,own,2,0
31,12,11796,quite_rich,1-4yr,existing_paid,car,free,3,1
40,48,8313,none,1-4yr,existing_paid,car,rent,2,0
74,18,14914,little,4-7yr,critical,education,rent,2,0
57,18,12691,none,>7yr,existing_paid,other,own,3,1
38,60,11686,moderate,4-7yr,existing_paid,car,own,2,1
33,6,11198,quite_rich,>7yr,delayed,business,rent,2,0
62,60,13357,quite_rich,4-7yr,critical,education,own,2,1
35,36,14794,little,>7yr,critical,other,own,2,0
64,24,12301,rich,4-7yr,paid,other,rent,2,0
70,12,12245,moderate,1-4yr,critical,repairs,rent,1,0
41,60,10145,none,4-7yr,critical,other,rent,2,0
43,6,13525,little,>7yr,existing_paid,education,rent,4,0
42,6,3856,little,unemployed,paid,business,rent,1,0
62,60,9207,none,>7yr,existing_paid,other,own,1,1
58,48,14788,rich,<1yr,existing_paid,repairs,own,2,1
46,12,7766,little,1-4yr,critical,education,free,3,0
32,48,7040,quite_rich,>7yr,existing_paid,car,own,1,1
62,24,538,little,1-4yr,critical,furniture,own,1,0
18,6,3842,none,1-4yr,existing_paid,furniture,own,1,1
42,6,9578,little,1-4yr,existing_paid,car,own,2,1
24,36,3344,none,>7yr,existing_paid,other,free,1,0
26,24,10896,little,unemployed,existing_paid,furniture,own,1,0
41,6,1598,rich,>7yr,critical,furniture,own,2,1
18,24,7527,moderate,<1yr,critical,car,own,3,0
61,12,2323,moderate,>7yr,existing_paid,other,rent,2,1
25,18,11893,none,>7yr,existing_paid,other,own,1,1
41,6,14498,none,1-4yr,no_credits,car,own,2,0
28,36,13761,none,1-4yr,delayed,other,rent,4,0
68,12,3655,moderate,1-4yr,paid,other,own,2,1
34,60,3593,none,4-7yr,existing_paid,education,own,4,1
25,24,12222,little,<1yr,existing_paid,education,own,3,0
52,60,6158,moderate,unemployed,critical,car,own,1,0
52,48,4278,little,<1yr,existing_paid,business,rent,2,0
50,12,3396,none,1-4yr,existing_paid,furniture,own,1,1
22,60,12145,little,1-4yr,delayed,education,rent,2,0
59,6,12203,rich,4-7yr,existing_paid,furniture,own,1,1
56,24,1488,moderate,>7yr,existing_paid,repairs,own,1,1
58,18,4616,little,1-4yr,critical,car,free,4,0
45,12,6946,none,4-7yr,critical,business,own,1,1
24,6,13656,rich,1-4yr,existing_paid,repairs,own,3,1
26,36,12718,moderate,>7yr,existing_paid,repairs,own,1,1
25,48,4679,little,>7yr,existing_paid,other,own,1,1
29,24,2182,quite_rich,>7yr,critical,repairs,free,3,0
51,12,14764,little,>7yr,paid,car,own,2,1
50,12,14198,moderate,unemployed,delayed,education,rent,2,0
65,18,6126,moderate,>7yr,delayed,car,free,1,1
72,18,7924,little,4-7yr,existing_paid,education,own,2,1
40,36,13357,rich,1-4yr,delayed,repairs,own,2,1
41,48,12655,moderate,>7yr,critical,repairs,own,2,1
54,36,1433,moderate,<1yr,paid,business,rent,2,0
52,6,4098,none,4-7yr,existing_paid,education,own,4,1
61,6,11925,none,1-4yr,existing_paid,repairs,rent,2,0
57,36,2480,little,1-4yr,critical,other,own,4,0
39,48,10547,quite_rich,4-7yr,critical,furniture,rent,2,0
44,36,3556,little,4-7yr,existing_paid,business,own,2,1
52,48,9484,moderate,1-4yr,critical,car,rent,1,0
18,48,1291,moderate,1-4yr,existing_paid,business,own,1,0
52,60,10501,none,>7yr,existing_paid,furniture,own,3,0
54,24,5890,moderate,<1yr,existing_paid,education,own,1,0
64,48,7135,none,1-4yr,existing_paid,car,own,1,0
31,18,2755,rich,>7yr,existing_paid,car,rent,1,1
20,48,4110,little,>7yr,existing_paid,education,own,1,1
18,48,2107,none,1-4yr,no_credits,business,own,4,0
22,48,5679,little,4-7yr,critical,repairs,free,3,0
43,60,7073,little,>7yr,existing_paid,business,own,2,1
72,60,1484,quite_rich,>7yr,existing_paid,furniture,own,1,1
31,6,6276,moderate,1-4yr,existing_paid,other,rent,2,0
56,60,4176,moderate,1-4yr,critical,repairs,own,2,1
44,18,3880,none,1-4yr,existing_paid,business,rent,4,0
26,18,9211,none,1-4yr,existing_paid,other,own,2,0
32,60,9282,none,4-7yr,critical,other,own,1,0
32,36,1550,moderate,unemployed,existing_paid,education,rent,2,1
43,24,14497,quite_rich,4-7yr,existing_paid,furniture,free,4,1
59,60,4133,little,1-4yr,critical,furniture,own,2,0
30,48,14823,none,1-4yr,paid,furniture,free,2,0
68,12,6842,moderate,>7yr,existing_paid,repairs,own,1,1
49,24,13136,quite_rich,1-4yr,existing_paid,car,own,2,1
56,24,1459,moderate,<1yr,existing_paid,repairs,rent,3,1
66,18,6559,quite_rich,>7yr,existing_paid,business,own,1,1
69,24,9384,little,unemployed,existing_paid,other,own,2,0
49,60,6155,none,4-7yr,existing_paid,other,rent,1,0
21,48,12591,quite_rich,4-7yr,paid,car,rent,1,0
47,48,4973,moderate,1-4yr,critical,business,own,1,0
54,6,3446,little,>7yr,existing_paid,car,own,1,1
40,48,8225,moderate,1-4yr,existing_paid,other,free,2,0
56,48,1026,quite_rich,1-4yr,critical,repairs,rent,1,0
62,18,3724,moderate,unemployed,delayed,furniture,rent,1,0
32,48,10945,moderate,1-4yr,no_credits,other,own,3,0
60,6,12036,little,>7yr,critical,education,own,2,0
46,12,12657,moderate,1-4yr,existing_paid,furniture,own,2,1
53,60,14047,moderate,1-4yr,existing_paid,other,rent,2,1
30,18,2375,quite_rich,1-4yr,critical,repairs,free,2,0
49,12,2263,quite_rich,4-7yr,existing_paid,car,rent,1,1
24,18,9212,quite_rich,<1yr,existing_paid,furniture,rent,3,0
68,36,6297,none,1-4yr,existing_paid,repairs,own,1,0
39,24,9708,moderate,4-7yr,existing_paid,business,own,2,1
45,36,7599,quite_rich,1-4yr,existing_paid,education,own,1,1
19,48,5609,moderate,1-4yr,critical,furniture,own,2,0
59,12,7144,quite_rich,unemployed,existing_paid,car,own,2,1
62,48,616,quite_rich,1-4yr,critical,business,own,2,1
74,24,2933,little,>7yr,existing_paid,repairs,rent,1,1
70,18,5963,moderate,<1yr,critical,education,rent,2,0
23,24,1083,none,<1yr,critical,car,own,4,0
45,6,9086,little,1-4yr,delayed,repairs,own,3,0
45,24,13875,moderate,4-7yr,existing_paid,repairs,own,1,1
61,6,4288,quite_rich,4-7yr,existing_paid,furniture,rent,1,1
61,24,11460,little,1-4yr,existing_paid,furniture,rent,4,0
37,60,4667,none,4-7yr,critical,car,free,2,0
47,6,12552,moderate,4-7yr,critical,other,own,2,1
28,12,8965,none,>7yr,existing_paid,other,own,4,1
72,48,10705,none,>7yr,existing_paid,repairs,own,3,0
45,48,14131,none,1-4yr,existing_paid,furniture,free,2,0
42,36,13125,none,1-4yr,existing_paid,education,rent,2,0
56,48,1889,none,<1yr,existing_paid,education,rent,1,0
50,18,12258,little,1-4yr,critical,repairs,own,2,0
18,60,13394,little,>7yr,critical,furniture,rent,1,0
74,24,8857,quite_rich,1-4yr,existing_paid,car,rent,1,0
44,36,10259,moderate,1-4yr,existing_paid,car,own,1,1
74,18,6654,moderate,4-7yr,existing_paid,car,own,1,1
69,18,5920,none,1-4yr,existing_paid,education,rent,2,0
30,6,9420,little,<1yr,existing_paid,furniture,own,2,0
58,48,2543,moderate,1-4yr,paid,furniture,rent,2,1
20,12,4697,none,1-4yr,critical,education,rent,1,0
56,12,3996,little,4-7yr,existing_paid,car,rent,4,1
23,36,14203,moderate,unemployed,existing_paid,car,rent,1,0
25,60,1278,moderate,1-4yr,critical,repairs,rent,3,0
44,12,713,none,1-4yr,critical,other,rent,4,0
26,24,4262,little,1-4yr,existing_paid,business,own,2,0
54,12,13899,moderate,4-7yr,existing_paid,other,own,2,1
50,36,10268,none,1-4yr,existing_paid,furniture,own,4,0
68,12,11140,moderate,1-4yr,critical,furniture,rent,1,0
59,24,7231,moderate,>7yr,critical,furniture,own,2,1
61,6,11628,rich,4-7yr,delayed,other,own,2,1
41,60,3617,little,<1yr,existing_paid,business,own,1,0
32,36,6291,quite_rich,4-7yr,critical,repairs,rent,3,0
71,6,9283,moderate,4-7yr,paid,other,rent,3,1
49,6,14121,little,4-7yr,existing_paid,business,rent,3,1
49,6,13897,none,<1yr,existing_paid,car,own,1,1
41,18,14927,moderate,>7yr,paid,car,rent,1,1
58,60,3220,little,1-4yr,existing_paid,furniture,rent,2,0
69,48,9405,little,<1yr,critical,education,own,1,0
66,60,9627,none,<1yr,critical,furniture,free,2,0
66,18,6547,quite_rich,<1yr,existing_paid,education,own,2,1
69,48,13029,quite_rich,>7yr,existing_paid,business,rent,2,1
29,60,14831,moderate,<1yr,existing_paid,car,own,2,1
56,6,8532,little,<1yr,existing_paid,other,own,2,0
19,36,501,none,>7yr,no_credits,education,rent,1,0
20,48,6868,moderate,1-4yr,critical,business,own,1,0
66,24,11540,little,unemployed,existing_paid,car,own,2,0
54,24,14556,none,<1yr,existing_paid,other,free,2,0
66,12,12736,moderate,<1yr,no_credits,education,own,3,0
73,48,2449,rich,1-4yr,critical,furniture,rent,3,0
34,36,7232,moderate,4-7yr,critical,furniture,own,4,1
66,18,14951,moderate,<1yr,critical,furniture,free,1,0
19,6,8333,rich,<1yr,critical,business,free,1,0
19,12,1417,little,4-7yr,existing_paid,furniture,own,1,1
45,24,3674,moderate,4-7yr,existing_paid,repairs,free,2,1
71,18,10933,rich,1-4yr,delayed,car,rent,2,0
40,18,7514,none,1-4yr,existing_paid,business,rent,3,0
54,6,589,moderate,1-4yr,existing_paid,other,rent,2,1
49,48,2209,moderate,1-4yr,no_credits,furniture,rent,4,0
50,24,10861,moderate,1-4yr,paid,car,own,4,0
18,36,12930,moderate,1-4yr,existing_paid,education,own,1,1
36,18,3541,rich,>7yr,existing_paid,furniture,rent,2,1
19,6,605,quite_rich,unemployed,critical,car,own,2,0
70,36,9578,none,4-7yr,existing_paid,repairs,own,1,1
61,48,9119,quite_rich,<1yr,existing_paid,education,own,2,1
43,24,14116,little,4-7yr,existing_paid,repairs,own,2,1
49,48,2395,little,4-7yr,existing_paid,other,own,1,1
23,18,6590,little,>7yr,existing_paid,car,rent,2,0
49,36,9008,little,<1yr,existing_paid,repairs,own,2,0
72,36,6582,little,4-7yr,existing_paid,other,own,1,0
21,36,1134,rich,1-4yr,existing_paid,car,rent,2,1
72,18,2425,moderate,4-7yr,existing_paid,car,rent,1,1
28,18,2556,moderate,1-4yr,paid,repairs,own,2,1
73,48,7417,none,1-4yr,paid,car,own,1,1
34,12,3644,rich,1-4yr,existing_paid,furniture,rent,3,1
55,48,10962,rich,1-4yr,paid,car,rent,2,0
41,24,10131,quite_rich,1-4yr,delayed,business,rent,1,0
22,6,1052,none,<1yr,existing_paid,other,rent,2,0
69,36,9407,none,>7yr,existing_paid,car,rent,2,0
51,12,5883,little,4-7yr,existing_paid,business,own,2,0
23,6,4411,none,>7yr,delayed,car,rent,2,0
39,12,10405,little,1-4yr,critical,car,own,2,0
28,60,14671,rich,>7yr,critical,repairs,rent,1,0
65,48,3889,little,>7yr,critical,furniture,free,1,0
33,18,9799,none,4-7yr,existing_paid,other,own,2,1
50,36,14129,little,4-7yr,delayed,furniture,own,2,0
26,48,12898,none,1-4yr,existing_paid,education,own,1,0
23,6,8942,none,>7yr,existing_paid,repairs,own,3,0
33,60,2930,little,1-4yr,existing_paid,repairs,free,1,1
46,60,10746,little,<1yr,existing_paid,furniture,own,3,0
20,60,958,quite_rich,1-4yr,critical,repairs,rent,1,0
37,6,13895,rich,>7yr,existing_paid,furniture,own,1,1
53,6,707,little,>7yr,critical,repairs,rent,4,0
36,6,1399,little,>7yr,existing_paid,car,rent,1,1
43,6,12153,quite_rich,4-7yr,existing_paid,furniture,rent,3,1
20,60,12077,little,1-4yr,existing_paid,furniture,own,1,0
36,60,521,none,<1yr,existing_paid,business,rent,2,1
37,12,9101,quite_rich,<1yr,critical,repairs,own,3,1
49,48,1394,none,unemployed,existing_paid,repairs,own,1,0
24,36,1014,moderate,1-4yr,existing_paid,furniture,own,3,1
69,18,7794,moderate,<1yr,critical,car,own,2,0
58,60,5404,little,1-4yr,existing_paid,car,rent,2,0
50,18,8367,little,>7yr,critical,other,own,2,0
57,48,13661,quite_rich,1-4yr,existing_paid,car,rent,3,0
56,48,4609,none,>7yr,existing_paid,repairs,rent,1,1
35,18,13758,little,4-7yr,existing_paid,business,own,1,1
57,60,7679,moderate,1-4yr,existing_paid,furniture,free,3,0
18,18,10826,moderate,1-4yr,existing_paid,education,own,3,1
28,12,12287,none,<1yr,delayed,business,own,1,0
45,24,11648,quite_rich,1-4yr,critical,education,own,2,0
74,60,2060,little,4-7yr,critical,business,rent,2,0
42,60,14112,quite_rich,<1yr,existing_paid,car,rent,2,1
67,36,1766,quite_rich,1-4yr,existing_paid,repairs,own,1,1
40,6,10861,moderate,1-4yr,existing_paid,education,own,2,1
48,24,4138,little,>7yr,paid,business,rent,1,1
47,48,9441,rich,4-7yr,delayed,repairs,own,3,0
59,60,3927,none,4-7yr,existing_paid,education,rent,3,1
52,18,5280,moderate,<1yr,paid,furniture,free,2,1
24,24,2427,none,4-7yr,no_credits,business,own,1,0
33,36,12496,little,4-7yr,critical,furniture,rent,1,0
43,48,12394,little,4-7yr,no_credits,car,own,2,0
65,6,2856,rich,>7yr,existing_paid,furniture,rent,2,1
74,6,5290,rich,1-4yr,existing_paid,furniture,rent,1,1
69,36,11027,none,>7yr,existing_paid,other,own,2,1
66,36,806,none,>7yr,existing_paid,business,own,1,1
19,18,8479,moderate,unemployed,existing_paid,car,rent,1,0
18,60,4165,little,1-4yr,critical,furniture,rent,1,0
65,6,10681,none,>7yr,existing_paid,repairs,own,1,1
29,48,7557,moderate,<1yr,delayed,education,rent,1,0
22,24,1161,moderate,1-4yr,critical,furniture,own,2,0
54,48,5144,rich,>7yr,critical,car,own,3,1
49,12,9003,little,4-7yr,existing_paid,furniture,rent,3,1
72,12,3420,little,<1yr,existing_paid,education,own,1,0
26,36,9774,moderate,4-7yr,existing_paid,car,rent,1,1
58,18,11663,quite_rich,1-4yr,delayed,business,own,1,0
52,12,14525,moderate,1-4yr,existing_paid,car,free,1,1
36,6,9446,moderate,<1yr,delayed,business,own,2,0
65,48,12822,little,4-7yr,no_credits,car,own,2,0
33,48,13232,quite_rich,1-4yr,existing_paid,education,rent,1,0
20,36,6736,little,4-7yr,existing_paid,education,own,1,1
37,60,6578,none,4-7yr,existing_paid,car,own,1,0
41,60,14018,moderate,1-4yr,existing_paid,furniture,own,1,1
71,24,852,little,4-7yr,existing_paid,education,own,2,1
73,36,9594,none,<1yr,existing_paid,business,rent,1,0
50,24,14143,quite_rich,4-7yr,existing_paid,business,own,2,1
41,60,12580,little,<1yr,existing_paid,repairs,free,2,0
69,36,7505,moderate,>7yr,existing_paid,other,own,3,1
28,36,14536,little,<1yr,existing_paid,other,own,3,0
66,36,658,quite_rich,1-4yr,delayed,other,own,2,0
25,60,10669,none,4-7yr,critical,business,own,1,0
53,24,1456,little,1-4yr,critical,repairs,own,2,0
55,24,2571,rich,<1yr,existing_paid,other,rent,3,1
57,36,9095,quite_rich,4-7yr,existing_paid,other,rent,1,0
37,12,13303,little,4-7yr,paid,car,own,2,1
52,18,11471,little,4-7yr,existing_paid,car,own,3,1
65,60,10079,quite_rich,1-4yr,existing_paid,car,own,2,0
42,18,3953,moderate,4-7yr,critical,furniture,own,1,1
52,18,7175,quite_rich,1-4yr,existing_paid,other,own,1,1
42,24,1455,quite_rich,4-7yr,existing_paid,furniture,own,2,1
46,24,6795,none,4-7yr,critical,repairs,own,1,0
35,12,2212,none,1-4yr,critical,business,own,2,0
63,18,5203,moderate,1-4yr,critical,other,own,2,0
35,18,7063,none,unemployed,no_credits,business,own,1,0
19,36,9965,little,<1yr,no_credits,car,own,3,0
71,24,6131,rich,<1yr,existing_paid,other,own,2,1
52,18,12503,moderate,1-4yr,existing_paid,education,own,1,1
33,48,11317,quite_rich,4-7yr,no_credits,furniture,own,3,1
58,12,11074,moderate,1-4yr,existing_paid,furniture,own,3,1
53,48,10133,moderate,>7yr,critical,other,own,2,1
50,48,11671,none,unemployed,existing_paid,car,own,3,0
21,60,10489,little,4-7yr,delayed,furniture,own,2,0
50,60,13082,little,4-7yr,delayed,car,own,3,1
31,12,12701,little,1-4yr,existing_paid,repairs,own,2,1
38,48,13542,quite_rich,<1yr,delayed,business,rent,2,0
65,18,1894,little,4-7yr,existing_paid,education,own,4,1
37,24,12973,little,1-4yr,existing_paid,business,own,2,0
73,12,9961,little,>7yr,delayed,business,rent,1,0
25,36,5232,none,1-4yr,existing_paid,repairs,own,2,0
24,48,14079,little,>7yr,critical,furniture,own,2,0
20,12,4214,none,1-4yr,existing_paid,education,rent,1,0
34,6,1029,none,4-7yr,existing_paid,furniture,rent,4,1
50,6,12315,none,4-7yr,existing_paid,other,own,1,1
65,60,14856,little,4-7yr,existing_paid,business,own,1,0
29,24,3458,quite_rich,1-4yr,no_credits,other,own,4,0
68,18,8404,little,4-7yr,delayed,car,own,2,1
39,24,11606,little,1-4yr,critical,business,free,1,0
72,24,13581,moderate,4-7yr,critical,furniture,own,2,1
39,24,4091,none,1-4yr,existing_paid,business,own,2,0
63,24,10839,quite_rich,>7yr,critical,car,rent,1,0
47,36,7395,moderate,<1yr,delayed,repairs,rent,4,0
55,36,13265,little,>7yr,critical,other,own,2,0
55,60,14410,moderate,>7yr,existing_paid,other,free,2,1
62,12,12061,none,>7yr,delayed,furniture,own,2,0
68,6,9631,moderate,1-4yr,critical,business,rent,2,1
71,24,1025,little,1-4yr,existing_paid,furniture,own,1,1
25,60,6977,quite_rich,>7yr,critical,repairs,own,1,0
44,12,501,none,1-4yr,existing_paid,business,own,2,1
44,6,874,moderate,1-4yr,existing_paid,business,own,3,1
51,48,11032,moderate,4-7yr,no_credits,furniture,own,1,1
38,18,12697,none,4-7yr,existing_paid,furniture,rent,2,1
47,36,11744,little,1-4yr,existing_paid,car,rent,3,0
50,48,5148,moderate,4-7yr,critical,repairs,own,1,1
45,6,2865,quite_rich,>7yr,existing_paid,car,own,1,1
64,48,2025,little,<1yr,critical,other,own,1,0
50,18,14639,quite_rich,>7yr,critical,business,rent,2,1
22,60,13168,rich,unemployed,existing_paid,furniture,rent,1,0
65,6,2146,quite_rich,1-4yr,critical,business,rent,2,1
36,48,513,none,unemployed,critical,business,rent,2,0
21,36,5099,moderate,<1yr,critical,education,own,2,0
52,36,2778,little,>7yr,critical,other,own,1,1
66,12,14796,rich,1-4yr,critical,education,free,2,1
34,48,3655,little,1-4yr,existing_paid,business,rent,3,0
61,24,8821,none,1-4yr,existing_paid,furniture,own,4,0
45,48,4314,moderate,4-7yr,critical,business,own,3,1
47,60,13625,little,4-7yr,existing_paid,other,rent,2,0
46,6,3716,rich,1-4yr,existing_paid,education,own,2,1
63,6,11630,rich,1-4yr,existing_paid,furniture,own,1,1
70,60,12620,moderate,>7yr,critical,business,rent,1,0
23,48,10732,none,1-4yr,paid,repairs,own,1,1
52,60,8719,moderate,1-4yr,critical,other,own,2,0
58,18,2613,none,1-4yr,existing_paid,other,rent,1,1
54,60,9944,none,4-7yr,existing_paid,repairs,free,1,0
41,36,4856,quite_rich,1-4yr,existing_paid,business,rent,4,1
46,60,10738,little,1-4yr,paid,other,own,1,0
66,6,14260,little,1-4yr,delayed,furniture,own,1,1
63,36,6043,rich,>7yr,critical,business,rent,1,0
70,6,5055,little,1-4yr,critical,business,own,2,0
48,12,12715,little,4-7yr,existing_paid,education,own,2,1
52,24,13088,rich,1-4yr,existing_paid,other,rent,1,0
50,6,7562,none,1-4yr,critical,other,own,2,0
69,36,3874,quite_rich,4-7yr,critical,repairs,own,3,1
38,12,6930,rich,1-4yr,existing_paid,education,own,3,1
49,6,3966,rich,>7yr,existing_paid,education,own,4,1
40,18,3581,moderate,>7yr,existing_paid,other,own,3,1
50,60,12470,little,>7yr,critical,business,own,2,0
20,24,1129,little,unemployed,delayed,education,rent,1,0
35,6,769,quite_rich,4-7yr,existing_paid,repairs,rent,1,1
42,12,11331,quite_rich,1-4yr,existing_paid,education,own,1,1
59,18,10685,moderate,>7yr,critical,repairs,own,2,1
48,48,6224,little,4-7yr,no_credits,education,own,3,1
71,12,6397,none,>7yr,existing_paid,repairs,own,2,1
20,60,11583,none,1-4yr,existing_paid,education,rent,1,0
57,12,13649,moderate,1-4yr,existing_paid,education,rent,2,1
63,18,3932,little,<1yr,existing_paid,furniture,rent,4,0
41,12,9972,rich,4-7yr,critical,repairs,own,2,1
67,18,6776,moderate,1-4yr,critical,repairs,own,3,1
49,6,6395,none,1-4yr,critical,repairs,own,3,1
64,18,14494,moderate,4-7yr,critical,car,own,4,1
39,18,7615,little,4-7yr,existing_paid,education,free,3,1
40,24,7156,moderate,1-4yr,critical,repairs,rent,2,0
19,18,11052,moderate,4-7yr,existing_paid,other,own,1,1
44,18,1075,quite_rich,1-4yr,delayed,car,rent,1,0
59,48,7529,quite_rich,1-4yr,critical,furniture,own,2,0
19,6,6599,little,unemployed,existing_paid,repairs,own,1,0
43,60,9999,none,1-4yr,existing_paid,repairs,free,4,0
34,24,3692,moderate,1-4yr,existing_paid,car,own,1,1
57,48,3678,none,4-7yr,existing_paid,education,own,3,1
50,36,6552,little,unemployed,paid,other,free,1,0
26,6,3234,none,1-4yr,critical,furniture,rent,1,0
60,6,6616,moderate,>7yr,critical,repairs,own,4,1
71,36,10904,none,<1yr,existing_paid,education,own,1,0
65,60,11044,moderate,1-4yr,paid,other,rent,1,0
56,18,4068,rich,4-7yr,paid,other,rent,1,1
46,48,10347,none,>7yr,critical,furniture,rent,2,0
59,12,10271,none,4-7yr,existing_paid,business,own,1,1
72,24,14635,little,4-7yr,existing_paid,other,rent,2,0
43,12,2703,quite_rich,>7yr,existing_paid,business,own,2,1
52,36,1890,little,1-4yr,existing_paid,other,free,2,0
67,6,2242,little,>7yr,existing_paid,furniture,own,2,1
42,60,2425,none,unemployed,critical,car,free,2,0
41,6,1119,quite_rich,>7yr,existing_paid,furniture,own,1,1
30,24,1774,little,1-4yr,delayed,furniture,own,3,0
24,6,1456,quite_rich,4-7yr,existing_paid,car,own,1,1
74,6,2439,rich,1-4yr,critical,car,own,2,1
53,24,4453,little,4-7yr,delayed,education,free,2,0
62,48,11073,quite_rich,<1yr,existing_paid,other,rent,3,0
37,48,1468,none,>7yr,existing_paid,education,rent,2,0
18,24,10008,quite_rich,>7yr,existing_paid,car,own,1,1
25,60,9735,moderate,1-4yr,critical,business,rent,2,0
63,36,781,quite_rich,>7yr,existing_paid,business,rent,2,1
33,6,11536,none,4-7yr,critical,furniture,own,1,0
31,60,6762,none,4-7yr,existing_paid,repairs,own,2,0
29,6,1558,little,1-4yr,critical,furniture,rent,2,0
68,36,4793,little,1-4yr,delayed,furniture,rent,4,0
40,48,11224,little,1-4yr,critical,repairs,free,2,0
32,60,12520,little,1-4yr,existing_paid,other,own,1,0
45,18,5678,none,>7yr,existing_paid,car,own,1,1
51,18,7480,little,<1yr,critical,business,own,3,0
19,18,13972,quite_rich,>7yr,existing_paid,furniture,rent,3,1
49,48,9700,little,1-4yr,existing_paid,repairs,rent,1,0
40,48,1729,none,1-4yr,existing_paid,education,own,1,0
39,36,9727,little,4-7yr,existing_paid,furniture,rent,2,0
68,6,5085,none,>7yr,existing_paid,business,own,1,0
42,36,8967,rich,1-4yr,existing_paid,car,rent,1,0
39,36,3240,none,1-4yr,existing_paid,furniture,own,1,0
39,48,2789,moderate,1-4yr,critical,furniture,own,1,1
66,18,1739,rich,unemployed,delayed,other,own,2,1
69,12,5870,quite_rich,1-4yr,critical,repairs,own,2,1
59,6,625,moderate,1-4yr,critical,education,own,1,1
23,48,12757,quite_rich,1-4yr,existing_paid,education,free,1,0
32,18,13004,rich,4-7yr,paid,car,free,1,1
71,60,7973,moderate,1-4yr,paid,business,rent,2,1
60,12,12560,moderate,1-4yr,existing_paid,car,own,1,1
54,12,9900,moderate,1-4yr,critical,furniture,own,2,1
50,48,5842,moderate,4-7yr,existing_paid,furniture,own,2,1
25,24,7851,moderate,>7yr,existing_paid,education,rent,1,0
70,6,7138,little,1-4yr,existing_paid,business,own,1,1
61,12,7070,little,4-7yr,existing_paid,repairs,rent,1,1
61,48,3749,none,1-4yr,delayed,business,rent,2,0
22,48,9610,none,1-4yr,existing_paid,furniture,own,3,0
56,18,8095,little,1-4yr,critical,repairs,own,1,0
21,60,14105,none,1-4yr,existing_paid,business,own,4,0
23,24,12615,moderate,4-7yr,existing_paid,business,own,1,1
62,6,6794,little,>7yr,critical,repairs,rent,3,0
49,36,7027,quite_rich,<1yr,paid,furniture,rent,2,1
69,60,6257,none,4-7yr,critical,business,own,2,0
47,60,13095,little,4-7yr,critical,repairs,free,2,0
64,18,14147,moderate,<1yr,delayed,other,rent,2,0
52,12,2469,moderate,1-4yr,critical,other,free,3,0
72,12,11485,none,1-4yr,existing_paid,furniture,own,3,0
57,18,1391,quite_rich,<1yr,critical,repairs,own,2,1
69,48,4970,quite_rich,1-4yr,existing_paid,other,own,1,1
33,12,7675,little,1-4yr,critical,repairs,rent,1,0
30,24,10725,little,1-4yr,critical,business,own,3,0
67,6,10056,rich,4-7yr,critical,furniture,own,2,1
59,60,8820,moderate,4-7yr,critical,other,rent,2,0
47,60,9706,moderate,>7yr,existing_paid,business,free,2,0
36,24,10491,quite_rich,1-4yr,critical,car,rent,3,1
34,12,7312,little,4-7yr,delayed,car,own,2,0
73,60,8019,little,>7yr,critical,furniture,own,3,0
36,36,14169,little,4-7yr,delayed,other,rent,3,0
45,6,5112,quite_rich,1-4yr,existing_paid,other,own,1,1
72,6,10210,moderate,4-7yr,existing_paid,other,own,1,1
43,60,12873,moderate,1-4yr,existing_paid,repairs,own,3,1
54,18,1698,little,1-4yr,critical,business,own,1,1
43,60,12565,little,1-4yr,existing_paid,other,own,4,0
70,18,5738,little,4-7yr,existing_paid,business,rent,1,1
40,60,11166,moderate,unemployed,existing_paid,furniture,rent,1,0
26,36,6589,moderate,>7yr,critical,other,rent,4,0
29,48,12177,none,4-7yr,existing_paid,furniture,own,2,0
70,6,6757,quite_rich,1-4yr,paid,other,own,1,1
18,60,12741,none,>7yr,existing_paid,car,own,3,0
18,36,8205,rich,1-4yr,paid,education,rent,2,0
64,18,4219,none,>7yr,existing_paid,furniture,own,2,1
51,18,802,moderate,1-4yr,existing_paid,other,free,1,1
49,6,12644,none,<1yr,existing_paid,education,rent,3,0
71,24,13375,rich,4-7yr,critical,furniture,own,3,0
65,60,1486,little,4-7yr,critical,repairs,own,1,1
42,12,10555,none,4-7yr,existing_paid,other,rent,3,1
57,18,4940,little,>7yr,critical,repairs,rent,3,0
62,48,5409,none,4-7yr,no_credits,car,own,2,0
70,48,14775,none,4-7yr,existing_paid,other,own,2,1
18,18,3572,rich,>7yr,existing_paid,car,rent,1,1
33,24,14098,little,4-7yr,existing_paid,education,own,1,1
56,24,14787,quite_rich,1-4yr,existing_paid,furniture,own,2,1
22,36,14465,moderate,>7yr,existing_paid,business,own,3,0
39,48,3624,moderate,1-4yr,existing_paid,car,own,2,1
46,36,10019,none,4-7yr,critical,business,own,2,0
72,48,13880,little,>7yr,existing_paid,business,own,1,1
20,60,11100,quite_rich,4-7yr,existing_paid,furniture,own,1,0
29,60,12365,rich,4-7yr,existing_paid,education,own,2,1
43,12,8625,little,4-7yr,existing_paid,furniture,rent,1,1
33,60,3791,little,1-4yr,existing_paid,other,rent,2,0
68,12,4533,little,>7yr,existing_paid,car,rent,1,1
54,60,5605,rich,1-4yr,critical,business,free,3,0
39,6,1203,little,<1yr,existing_paid,furniture,own,1,1
74,60,8633,little,1-4yr,existing_paid,furniture,own,2,0
46,36,1074,quite_rich,1-4yr,delayed,furniture,rent,2,0
31,18,6204,none,1-4yr,no_credits,car,own,1,0
45,36,11924,none,>7yr,existing_paid,education,own,1,0
22,18,8348,moderate,1-4yr,delayed,furniture,rent,1,0
64,24,5708,rich,1-4yr,existing_paid,car,own,3,0
66,36,13475,little,unemployed,paid,business,own,1,0
47,24,7424,little,1-4yr,existing_paid,other,rent,2,0
63,12,11324,little,4-7yr,existing_paid,repairs,rent,4,1
69,12,4328,little,unemployed,existing_paid,car,own,3,1
22,6,3730,moderate,1-4yr,existing_paid,repairs,rent,1,1
29,60,988,little,1-4yr,existing_paid,furniture,rent,4,0
33,36,7614,little,unemployed,existing_paid,furniture,rent,1,0
43,24,10039,little,1-4yr,delayed,car,own,2,0
43,18,12373,moderate,<1yr,existing_paid,repairs,own,3,1
65,12,3673,moderate,4-7yr,existing_paid,furniture,free,2,1
38,60,13281,quite_rich,>7yr,existing_paid,business,rent,2,1
56,12,2167,none,1-4yr,critical,education,free,1,0
53,18,10329,quite_rich,>7yr,existing_paid,education,own,1,1
50,60,4614,quite_rich,1-4yr,critical,furniture,own,2,0
47,60,4053,little,1-4yr,existing_paid,repairs,rent,1,0
54,24,8261,little,>7yr,existing_paid,other,own,4,1
40,24,1500,little,1-4yr,existing_paid,furniture,own,4,1
27,36,9542,little,>7yr,existing_paid,other,own,3,0
71,36,1888,little,unemployed,existing_paid,other,own,2,1
22,48,5950,none,1-4yr,existing_paid,repairs,rent,2,0
53,48,4212,little,<1yr,existing_paid,other,rent,4,0
51,6,1867,quite_rich,4-7yr,existing_paid,business,own,3,1
69,12,8689,little,4-7yr,critical,repairs,own,2,1
48,36,9513,quite_rich,4-7yr,critical,furniture,rent,1,0
27,24,954,moderate,1-4yr,existing_paid,business,own,1,1
36,18,10316,quite_rich,1-4yr,existing_paid,car,own,2,1
49,24,3272,moderate,unemployed,existing_paid,education,rent,2,0
18,12,4226,none,1-4yr,delayed,furniture,own,3,0
73,48,7732,moderate,>7yr,existing_paid,furniture,rent,1,1
22,24,11839,none,1-4yr,critical,furniture,own,1,0
62,6,12781,little,>7yr,existing_paid,business,free,1,1
21,12,5306,rich,>7yr,existing_paid,car,own,1,1
33,48,2690,none,1-4yr,existing_paid,repairs,rent,1,0
41,18,9608,little,4-7yr,critical,car,own,2,0
33,48,12678,moderate,<1yr,existing_paid,business,own,2,1
72,60,3375,quite_rich,<1yr,existing_paid,furniture,rent,2,0
19,6,6092,moderate,unemployed,critical,education,own,1,1
66,12,1940,little,4-7yr,no_credits,furniture,own,1,1
45,18,13092,moderate,1-4yr,critical,repairs,own,2,1
49,6,9427,little,1-4yr,existing_paid,other,rent,3,0
44,48,12260,moderate,1-4yr,critical,education,own,1,0
37,6,6559,rich,1-4yr,existing_paid,furniture,own,3,1
41,12,14937,moderate,4-7yr,existing_paid,education,free,1,1
29,36,14797,quite_rich,4-7yr,critical,other,own,3,0
67,6,12030,none,unemployed,no_credits,car,rent,3,0
52,60,7510,moderate,1-4yr,existing_paid,business,rent,1,0
50,6,11707,quite_rich,4-7yr,existing_paid,furniture,rent,2,1
50,48,7617,none,1-4yr,existing_paid,repairs,rent,1,0
68,48,11581,quite_rich,4-7yr,existing_paid,car,rent,3,1
60,18,9653,little,1-4yr,no_credits,furniture,own,2,0
54,48,3489,moderate,1-4yr,existing_paid,car,rent,2,1
29,24,12540,quite_rich,<1yr,existing_paid,repairs,own,2,0
20,12,9718,moderate,1-4yr,existing_paid,furniture,own,3,1
18,12,6728,none,4-7yr,existing_paid,other,rent,1,1
50,36,12557,moderate,1-4yr,critical,other,own,2,0
57,36,6971,moderate,4-7yr,critical,repairs,rent,1,0
27,12,3363,rich,>7yr,critical,education,own,1,0
60,60,14261,little,1-4yr,existing_paid,repairs,free,2,0
61,36,11193,little,4-7yr,existing_paid,education,own,1,1
46,18,10639,moderate,1-4yr,existing_paid,furniture,free,1,1
30,48,1677,little,1-4yr,existing_paid,education,rent,3,0
29,12,5260,moderate,4-7yr,existing_paid,furniture,free,1,1
48,36,511,moderate,1-4yr,paid,furniture,own,2,1
63,12,5752,quite_rich,4-7yr,existing_paid,business,own,1,1
19,24,4899,moderate,<1yr,critical,furniture,own,1,0
68,6,12056,moderate,4-7yr,existing_paid,education,free,1,1
67,48,11714,none,>7yr,existing_paid,business,rent,2,0
52,12,12063,none,>7yr,no_credits,business,own,2,1
40,6,14551,none,4-7yr,existing_paid,furniture,rent,1,1
34,36,11522,none,4-7yr,critical,repairs,rent,1,0
43,6,8734,moderate,4-7yr,existing_paid,repairs,own,4,1
25,48,9635,moderate,4-7yr,existing_paid,other,rent,1,1
46,12,11082,moderate,<1yr,no_credits,business,rent,3,0
43,24,5945,quite_rich,1-4yr,existing_paid,furniture,own,1,0
27,60,11237,rich,1-4yr,no_credits,repairs,own,2,0
43,36,11103,quite_rich,>7yr,critical,furniture,own,1,1
51,12,13678,moderate,1-4yr,critical,furniture,rent,3,0
68,48,7070,moderate,1-4yr,critical,business,rent,2,0
58,36,9696,little,1-4yr,existing_paid,other,rent,2,0
24,18,8712,none,4-7yr,critical,business,own,1,0
21,6,906,little,4-7yr,existing_paid,car,own,2,1
70,60,9706,rich,1-4yr,existing_paid,repairs,own,2,0
67,48,4931,quite_rich,1-4yr,delayed,repairs,own,1,0
62,18,10530,little,>7yr,no_credits,repairs,free,1,0
28,12,11880,little,1-4yr,existing_paid,education,rent,3,0
46,24,5743,quite_rich,1-4yr,critical,furniture,rent,1,0
73,36,7042,none,4-7yr,existing_paid,business,rent,2,0
53,6,7436,little,>7yr,existing_paid,repairs,own,2,1
42,36,14615,quite_rich,<1yr,existing_paid,car,own,3,1
38,60,9406,little,4-7yr,critical,repairs,own,4,0
74,12,4646,none,>7yr,critical,other,rent,4,1
53,36,12546,moderate,1-4yr,critical,furniture,rent,1,0
27,6,13111,quite_rich,>7yr,existing_paid,furniture,own,3,1
54,12,13576,moderate,4-7yr,existing_paid,business,own,1,1
26,36,640,little,4-7yr,existing_paid,education,own,2,1
41,24,13257,little,4-7yr,no_credits,business,own,2,0
52,48,5382,little,<1yr,no_credits,repairs,own,1,0
66,12,14613,moderate,1-4yr,existing_paid,other,own,4,1
52,48,14145,quite_rich,1-4yr,existing_paid,car,own,1,1
65,12,6512,none,1-4yr,critical,business,rent,2,0
53,24,1463,quite_rich,1-4yr,existing_paid,education,free,3,1
35,48,7651,none,>7yr,existing_paid,business,own,3,0
66,18,9064,little,>7yr,existing_paid,furniture,own,1,1
56,6,12327,none,4-7yr,critical,repairs,own,2,1
49,18,11233,little,>7yr,critical,repairs,own,3,0
41,36,4110,moderate,4-7yr,critical,repairs,own,1,1
40,24,10384,moderate,1-4yr,critical,repairs,own,2,0
49,18,7394,none,1-4yr,existing_paid,repairs,free,1,0
54,12,13967,moderate,1-4yr,existing_paid,repairs,rent,2,1
29,36,14459,none,4-7yr,existing_paid,car,own,3,0
66,36,7811,quite_rich,1-4yr,existing_paid,education,rent,2,0
72,18,605,rich,4-7yr,existing_paid,repairs,own,2,1
30,18,6039,little,<1yr,existing_paid,education,own,2,0
40,24,10373,moderate,4-7yr,critical,other,free,2,0
42,6,12789,little,>7yr,critical,repairs,free,1,0
52,18,12708,none,4-7yr,critical,business,rent,1,0
58,60,11328,little,>7yr,critical,repairs,rent,2,0
47,18,7287,quite_rich,>7yr,delayed,furniture,rent,2,0
34,48,2637,moderate,>7yr,existing_paid,car,rent,2,1
66,12,12108,none,>7yr,paid,business,free,1,0
37,60,4945,quite_rich,>7yr,delayed,business,own,1,1
65,60,4030,moderate,4-7yr,critical,furniture,free,1,0
42,48,1786,quite_rich,unemployed,paid,repairs,rent,4,0
39,48,11871,moderate,1-4yr,critical,car,rent,2,0
30,36,13850,moderate,4-7yr,existing_paid,business,own,1,0
36,6,7552,none,1-4yr,existing_paid,car,rent,1,0
66,12,14994,none,1-4yr,delayed,business,own,4,0
53,24,4154,rich,>7yr,existing_paid,repairs,own,1,1
29,60,7602,little,>7yr,paid,other,own,3,0
58,24,2859,rich,>7yr,existing_paid,business,rent,1,1
36,18,8605,moderate,1-4yr,critical,other,rent,4,0
29,18,9136,none,unemployed,existing_paid,business,own,3,1
26,24,6941,none,<1yr,delayed,education,own,2,0
24,18,5547,little,1-4yr,existing_paid,repairs,own,1,0
45,6,8727,rich,unemployed,no_credits,furniture,rent,1,1
31,48,5703,little,unemployed,critical,other,own,2,0
48,18,10167,little,>7yr,paid,furniture,own,2,1
69,36,12649,little,4-7yr,critical,repairs,own,1,0
36,18,2298,none,1-4yr,existing_paid,furniture,own,1,1
64,12,10537,little,<1yr,critical,repairs,own,2,0
33,6,10100,none,1-4yr,existing_paid,furniture,rent,2,0
70,12,5791,quite_rich,unemployed,existing_paid,other,own,1,1
22,12,5995,little,>7yr,existing_paid,education,rent,1,0
52,36,10400,little,1-4yr,paid,furniture,own,4,0
29,6,14173,little,1-4yr,existing_paid,other,own,2,0
42,6,11630,little,1-4yr,existing_paid,business,own,3,0
69,6,6784,rich,<1yr,existing_paid,repairs,rent,2,1
38,6,7785,moderate,4-7yr,existing_paid,car,rent,1,1
53,6,1800,none,4-7yr,existing_paid,car,rent,1,1
70,36,7369,moderate,4-7yr,critical,repairs,free,1,1
40,18,9935,none,<1yr,existing_paid,education,own,3,1
33,12,12668,none,4-7yr,delayed,furniture,rent,2,1
74,6,3597,rich,4-7yr,delayed,education,rent,1,1
56,60,5116,quite_rich,>7yr,critical,car,own,4,1
62,18,14594,rich,1-4yr,existing_paid,other,rent,1,0
70,18,509,little,1-4yr,delayed,repairs,own,4,1
59,12,13771,moderate,4-7yr,critical,repairs,own,4,1
56,36,11117,none,4-7yr,critical,education,own,1,0
31,24,6252,little,1-4yr,existing_paid,other,own,1,0
48,24,10352,quite_rich,1-4yr,delayed,education,own,2,0
22,18,11323,little,1-4yr,critical,furniture,own,2,0
52,48,6795,quite_rich,>7yr,existing_paid,business,own,2,1
40,48,5315,moderate,1-4yr,no_credits,other,own,4,0
46,12,1572,none,>7yr,existing_paid,business,free,2,1
60,24,3725,moderate,1-4yr,critical,furniture,rent,1,1
28,18,13646,moderate,>7yr,existing_paid,business,own,1,1
35,36,1816,little,>7yr,critical,car,own,2,0
64,24,6199,quite_rich,1-4yr,existing_paid,business,own,1,0
29,18,12837,moderate,>7yr,existing_paid,furniture,rent,3,1
26,18,7307,none,<1yr,paid,business,own,1,0
27,6,7174,moderate,>7yr,existing_paid,repairs,own,1,1
61,36,4183,rich,4-7yr,critical,education,own,1,1
34,6,7727,none,<1yr,critical,car,rent,2,0
55,12,3773,quite_rich,4-7yr,delayed,repairs,own,1,0
24,6,7500,little,>7yr,existing_paid,repairs,own,3,1
63,60,645,quite_rich,<1yr,delayed,furniture,own,2,0
30,6,5510,moderate,4-7yr,existing_paid,education,own,3,1
57,60,3540,little,4-7yr,existing_paid,education,rent,2,1
59,24,10154,little,>7yr,paid,other,rent,1,0
26,48,13368,quite_rich,1-4yr,delayed,car,free,3,0
67,18,10276,little,1-4yr,critical,furniture,rent,1,0
44,60,982,moderate,unemployed,critical,car,own,2,1
19,36,3679,none,4-7yr,no_credits,other,free,1,0
22,6,1749,quite_rich,1-4yr,critical,business,rent,3,0
46,60,13460,moderate,>7yr,existing_paid,repairs,own,4,1
54,36,1130,rich,<1yr,existing_paid,car,rent,2,1
55,48,9353,none,4-7yr,existing_paid,repairs,own,2,1
36,48,12195,moderate,unemployed,existing_paid,furniture,own,3,0
25,6,3352,moderate,<1yr,existing_paid,business,free,1,1
65,12,11158,little,1-4yr,existing_paid,furniture,free,4,1
62,6,1487,little,1-4yr,critical,business,rent,1,0
18,24,8122,none,4-7yr,delayed,business,own,4,0
39,60,7827,moderate,>7yr,existing_paid,repairs,rent,2,1
69,18,10238,moderate,4-7yr,critical,furniture,own,3,1
34,12,9341,none,>7yr,existing_paid,furniture,own,2,1
24,6,9660,moderate,>7yr,existing_paid,car,rent,2,1
42,36,11329,little,4-7yr,delayed,furniture,rent,2,0
62,12,1600,none,>7yr,existing_paid,car,own,1,1
21,60,7152,rich,4-7yr,existing_paid,education,rent,2,1
53,12,9132,rich,<1yr,existing_paid,education,own,2,1
23,60,7921,moderate,4-7yr,paid,education,own,3,1
48,6,5516,none,<1yr,critical,other,own,2,0
36,60,1269,quite_rich,4-7yr,existing_paid,furniture,rent,1,1
61,12,1843,little,4-7yr,existing_paid,other,own,1,1
71,36,14614,little,<1yr,paid,furniture,rent,2,0
56,48,4858,little,1-4yr,delayed,car,own,1,0
44,12,12421,moderate,>7yr,existing_paid,other,rent,1,1
27,60,12598,moderate,4-7yr,critical,other,own,3,1
43,48,10269,little,1-4yr,existing_paid,other,rent,2,0
36,60,7280,moderate,4-7yr,existing_paid,business,own,2,1
56,36,12700,rich,4-7yr,existing_paid,car,rent,1,1
20,60,7102,little,1-4yr,existing_paid,education,rent,2,0
62,6,13786,moderate,>7yr,existing_paid,car,rent,1,1
30,18,12043,quite_rich,4-7yr,existing_paid,business,own,2,1
67,12,13487,little,1-4yr,critical,furniture,rent,1,0
45,18,2849,little,>7yr,paid,car,own,3,1
37,60,12294,moderate,>7yr,delayed,other,rent,2,1
45,36,6199,moderate,<1yr,existing_paid,education,rent,2,0
25,12,1741,quite_rich,1-4yr,existing_paid,education,own,2,1
58,60,1625,little,1-4yr,existing_paid,furniture,own,2,1
56,48,11293,rich,4-7yr,critical,car,own,1,0
18,24,9882,none,4-7yr,existing_paid,business,free,3,0
20,60,7264,none,4-7yr,existing_paid,furniture,free,1,0
30,18,5601,moderate,>7yr,existing_paid,car,own,4,1
45,12,12823,little,4-7yr,existing_paid,repairs,own,3,1
74,18,13531,little,<1yr,existing_paid,education,own,1,0
66,12,14552,little,1-4yr,existing_paid,business,own,3,1
42,60,13140,little,1-4yr,paid,other,own,1,0
73,6,8343,none,1-4yr,no_credits,business,rent,1,0
50,48,14710,rich,4-7yr,critical,other,own,4,1
55,60,572,little,>7yr,existing_paid,business,rent,2,0
70,18,5972,moderate,1-4yr,existing_paid,education,free,2,1
23,24,10606,quite_rich,4-7yr,existing_paid,other,own,1,1
61,24,5689,rich,4-7yr,delayed,car,rent,1,0
62,36,2972,none,1-4yr,existing_paid,other,own,4,0
49,12,11738,quite_rich,<1yr,existing_paid,furniture,own,1,1
62,18,1207,moderate,1-4yr,existing_paid,car,own,1,1
64,36,2304,moderate,<1yr,existing_paid,furniture,own,2,1
38,18,7204,moderate,>7yr,existing_paid,business,own,2,1
33,12,4213,quite_rich,<1yr,delayed,car,own,2,1
71,60,5551,little,1-4yr,critical,business,own,1,0
38,60,11256,moderate,1-4yr,existing_paid,repairs,own,1,1
28,24,2975,moderate,>7yr,existing_paid,business,own,1,1
54,60,4110,quite_rich,<1yr,existing_paid,business,own,4,1
53,60,4755,rich,<1yr,existing_paid,furniture,own,1,1
52,6,14984,little,unemployed,existing_paid,other,own,3,1
36,24,11515,rich,<1yr,existing_paid,repairs,rent,3,0
37,36,7897,none,1-4yr,critical,business,own,3,0
74,48,2235,none,4-7yr,existing_paid,business,free,3,0
35,6,10277,none,1-4yr,existing_paid,repairs,own,1,1
64,36,8758,little,unemployed,existing_paid,repairs,rent,1,0
58,12,11753,moderate,>7yr,existing_paid,car,own,2,1
66,6,8479,none,1-4yr,paid,furniture,rent,1,1
31,36,2928,none,1-4yr,critical,repairs,free,2,0
32,12,12845,rich,1-4yr,existing_paid,repairs,own,2,1
48,24,7926,quite_rich,>7yr,critical,education,rent,3,0
18,48,9033,quite_rich,<1yr,critical,other,own,1,0
70,12,5749,quite_rich,>7yr,critical,repairs,own,4,1
71,60,11466,moderate,4-7yr,existing_paid,furniture,rent,1,1
71,18,5791,none,<1yr,no_credits,other,rent,2,0
20,12,3317,little,>7yr,existing_paid,other,own,2,1
33,12,11353,moderate,1-4yr,existing_paid,business,own,3,1
40,48,9924,little,<1yr,existing_paid,business,rent,2,0
74,18,4374,moderate,>7yr,critical,business,rent,4,1
28,60,11093,none,4-7yr,existing_paid,business,rent,4,0
29,36,10186,little,4-7yr,existing_paid,education,rent,3,0
27,36,14609,moderate,<1yr,existing_paid,repairs,own,1,0
49,12,4711,moderate,1-4yr,existing_paid,business,rent,3,1
33,18,1161,moderate,4-7yr,existing_paid,car,own,3,1
25,18,12575,moderate,1-4yr,delayed,business,own,1,0
55,60,14253,none,1-4yr,delayed,repairs,own,1,0
29,48,12311,none,unemployed,critical,business,free,1,0
41,24,10560,quite_rich,<1yr,critical,education,own,1,0
45,36,11026,moderate,>7yr,critical,furniture,rent,2,0
70,48,3874,none,1-4yr,no_credits,furniture,own,4,0
25,6,9708,quite_rich,>7yr,critical,repairs,own,2,1
45,36,13098,little,1-4yr,existing_paid,furniture,rent,2,0
53,48,707,little,4-7yr,existing_paid,furniture,own,4,1
43,36,3165,none,1-4yr,delayed,car,own,1,0
25,24,2993,moderate,1-4yr,existing_paid,repairs,own,3,1
67,6,7313,moderate,<1yr,paid,repairs,rent,2,1
45,24,1132,little,1-4yr,existing_paid,furniture,own,2,1
45,60,10794,quite_rich,1-4yr,no_credits,furniture,own,1,0
54,6,11651,little,>7yr,critical,furniture,own,2,1
58,12,3583,little,4-7yr,no_credits,other,own,1,1
53,48,13444,none,<1yr,existing_paid,education,own,3,0
44,6,14211,little,unemployed,existing_paid,business,own,1,1
71,60,10623,none,<1yr,existing_paid,education,own,3,0
34,60,4219,moderate,4-7yr,critical,repairs,rent,1,1
26,24,7623,quite_rich,4-7yr,paid,car,own,1,1
50,36,11254,moderate,>7yr,existing_paid,business,own,2,1
70,6,2179,little,unemployed,delayed,car,own,1,1
37,48,736,none,1-4yr,critical,other,own,3,0
30,6,7946,little,1-4yr,delayed,repairs,rent,4,0
45,18,4943,little,4-7yr,critical,other,own,3,1
65,36,7270,quite_rich,4-7yr,paid,repairs,own,1,1
46,48,13417,none,4-7yr,existing_paid,car,rent,2,1
30,48,10232,moderate,4-7yr,existing_paid,car,own,2,1
63,12,6599,quite_rich,<1yr,critical,car,own,3,0
52,24,12635,little,4-7yr,existing_paid,repairs,own,1,0
23,12,14059,quite_rich,<1yr,existing_paid,furniture,own,2,0
35,48,9055,moderate,4-7yr,existing_paid,car,own,2,1
68,36,2868,moderate,1-4yr,paid,other,own,1,0
22,6,785,moderate,1-4yr,existing_paid,business,free,1,1
64,6,648,little,>7yr,critical,repairs,rent,2,1
42,36,13895,little,>7yr,existing_paid,other,own,3,1
19,48,4537,little,>7yr,delayed,education,own,4,0
27,60,7049,little,1-4yr,critical,education,own,2,0
73,6,7621,moderate,4-7yr,existing_paid,business,own,1,1
47,60,13243,none,1-4yr,existing_paid,furniture,own,1,0
67,6,10458,rich,>7yr,existing_paid,car,rent,4,1
62,6,5395,moderate,1-4yr,existing_paid,repairs,rent,4,1
22,24,5780,little,>7yr,delayed,other,rent,4,0
72,24,1512,none,>7yr,existing_paid,car,rent,3,1
73,18,11523,quite_rich,4-7yr,no_credits,other,own,1,1
50,12,11199,quite_rich,1-4yr,existing_paid,repairs,own,3,1
71,36,10215,moderate,<1yr,critical,education,own,2,0
18,36,3285,little,>7yr,critical,car,own,1,0
35,36,11248,little,<1yr,critical,business,rent,2,0
49,18,4225,none,>7yr,critical,furniture,own,1,1
64,24,5076,none,1-4yr,existing_paid,business,rent,1,0
66,48,6282,quite_rich,1-4yr,critical,furniture,own,2,0
28,60,6757,moderate,>7yr,existing_paid,other,rent,2,0
38,60,10293,moderate,4-7yr,delayed,car,rent,3,0
43,48,2908,quite_rich,4-7yr,delayed,car,rent,1,0
42,18,840,moderate,4-7yr,no_credits,furniture,rent,1,1
39,48,3317,little,1-4yr,critical,education,own,1,0
44,36,14798,little,4-7yr,critical,repairs,rent,1,0
66,12,2996,rich,1-4yr,existing_paid,business,rent,1,1
30,6,6462,none,>7yr,critical,other,rent,2,0
50,60,13622,rich,>7yr,paid,business,free,2,1
51,24,5799,quite_rich,1-4yr,existing_paid,business,free,3,0
58,24,10417,none,4-7yr,existing_paid,other,rent,4,0
52,18,8074,moderate,4-7yr,existing_paid,other,own,2,1
18,24,2189,quite_rich,1-4yr,critical,car,rent,1,0
38,36,3767,moderate,>7yr,critical,business,own,1,1
65,60,4906,rich,unemployed,critical,repairs,own,3,0
72,48,8953,rich,1-4yr,existing_paid,repairs,own,2,0
23,36,1942,little,1-4yr,critical,furniture,own,3,0
45,18,9097,little,1-4yr,existing_paid,other,own,3,0
34,36,10882,rich,4-7yr,critical,car,own,4,0
22,48,4937,moderate,4-7yr,existing_paid,repairs,own,4,1
48,12,5935,none,4-7yr,paid,education,own,2,1
22,18,8935,none,4-7yr,delayed,car,own,1,1
55,12,13277,moderate,<1yr,existing_paid,car,rent,4,1
20,6,4607,rich,1-4yr,existing_paid,repairs,rent,2,1
70,12,1060,quite_rich,1-4yr,existing_paid,education,rent,1,1
40,6,12829,moderate,1-4yr,paid,furniture,rent,2,1
54,6,11417,none,4-7yr,existing_paid,repairs,rent,2,1
70,12,9285,little,<1yr,no_credits,education,own,3,0
54,18,6048,quite_rich,1-4yr,existing_paid,car,rent,2,1
27,48,2326,none,1-4yr,paid,education,rent,1,0
27,36,11921,little,>7yr,delayed,car,own,4,0
36,36,11979,none,>7yr,existing_paid,repairs,own,3,1
34,48,12765,moderate,4-7yr,critical,other,rent,2,0
38,60,14481,rich,>7yr,critical,repairs,own,1,1
31,60,8129,little,4-7yr,existing_paid,business,free,1,0
26,6,8825,little,4-7yr,critical,business,own,2,0
63,6,3638,moderate,unemployed,critical,business,free,1,1
18,18,12611,rich,4-7yr,critical,repairs,own,1,0
68,24,13735,none,4-7yr,existing_paid,furniture,own,2,1
62,12,8193,little,4-7yr,paid,repairs,own,2,1
30,6,8764,little,4-7yr,delayed,other,free,2,0
21,36,13186,quite_rich,1-4yr,delayed,education,rent,1,0
18,18,14216,little,4-7yr,delayed,repairs,rent,2,0
66,12,8342,none,>7yr,existing_paid,repairs,own,3,1
57,18,7221,moderate,1-4yr,critical,car,rent,1,0
49,12,7502,quite_rich,4-7yr,critical,car,own,1,1
51,12,4725,none,1-4yr,existing_paid,car,own,2,1
45,48,3478,quite_rich,4-7yr,paid,repairs,own,4,1
48,6,7873,none,4-7yr,existing_paid,furniture,free,2,0
25,18,6407,moderate,unemployed,critical,education,own,1,0
56,18,6597,little,4-7yr,delayed,education,own,1,1
43,48,13053,moderate,1-4yr,delayed,other,rent,3,0
51,36,6156,little,4-7yr,existing_paid,furniture,rent,1,0
71,36,10677,quite_rich,1-4yr,existing_paid,furniture,own,2,0
71,60,9484,moderate,4-7yr,existing_paid,education,own,2,1
20,6,14100,moderate,<1yr,existing_paid,business,own,1,1
67,6,4759,quite_rich,4-7yr,critical,car,own,3,1
29,24,8786,quite_rich,1-4yr,critical,car,rent,2,0
18,48,6401,none,>7yr,critical,education,own,2,0
71,36,9825,little,>7yr,critical,furniture,rent,1,0
61,12,5417,rich,>7yr,existing_paid,other,rent,1,1
22,18,8929,none,4-7yr,existing_paid,business,own,2,1
47,6,11638,moderate,4-7yr,delayed,education,rent,2,1
47,18,3030,rich,1-4yr,critical,car,own,1,1
74,18,2460,none,1-4yr,existing_paid,repairs,own,1,1
34,24,7545,moderate,1-4yr,existing_paid,furniture,own,1,1
65,36,1548,little,4-7yr,existing_paid,repairs,own,4,1
64,6,6272,moderate,>7yr,existing_paid,other,own,3,1
40,18,3029,none,<1yr,existing_paid,education,own,4,1
32,6,3464,none,>7yr,existing_paid,car,rent,1,1
54,12,7637,moderate,4-7yr,paid,business,rent,4,1
38,24,1463,quite_rich,4-7yr,existing_paid,repairs,rent,1,1
31,12,1036,quite_rich,<1yr,critical,business,own,2,1
19,6,14391,moderate,<1yr,existing_paid,other,rent,3,0
28,60,7840,none,4-7yr,delayed,car,free,1,0
68,6,14767,moderate,4-7yr,delayed,repairs,rent,2,0
56,36,7679,little,1-4yr,critical,other,rent,1,0
55,18,8467,rich,4-7yr,existing_paid,business,rent,1,1
51,18,12915,quite_rich,>7yr,critical,business,own,2,1
55,12,12371,moderate,>7yr,existing_paid,repairs,rent,2,1
67,24,12879,rich,>7yr,critical,car,own,3,1
51,60,12416,none,1-4yr,critical,business,rent,2,0
35,48,9234,moderate,1-4yr,existing_paid,education,own,2,1
47,18,1345,little,4-7yr,paid,other,own,1,1
32,36,12295,rich,1-4yr,existing_paid,repairs,own,1,1
44,12,6277,little,<1yr,existing_paid,furniture,rent,4,1
68,12,3536,moderate,1-4yr,existing_paid,furniture,own,1,1
51,48,6447,quite_rich,1-4yr,existing_paid,car,own,2,1
69,36,2994,none,1-4yr,existing_paid,education,rent,1,0
74,24,13177,little,1-4yr,no_credits,business,rent,2,0
55,36,3219,quite_rich,1-4yr,existing_paid,furniture,own,2,1
50,24,2384,little,unemployed,existing_paid,car,own,1,1
41,36,12830,little,4-7yr,paid,other,rent,1,0
32,36,4849,little,4-7yr,existing_paid,education,rent,2,0
47,6,11893,none,4-7yr,existing_paid,education,own,1,1
72,12,5679,quite_rich,<1yr,existing_paid,car,free,1,0
59,36,11402,moderate,1-4yr,critical,car,own,2,0
68,48,7110,none,4-7yr,existing_paid,business,rent,1,0
34,36,6930,little,4-7yr,existing_paid,car,free,3,0
22,18,7654,little,1-4yr,existing_paid,business,own,2,0
46,12,14328,none,1-4yr,critical,business,own,1,0
21,18,10645,little,>7yr,critical,repairs,rent,2,0
27,12,6988,little,1-4yr,critical,education,free,2,0
73,18,5237,little,1-4yr,delayed,other,own,1,0
34,36,7025,moderate,4-7yr,existing_paid,education,free,2,1
27,36,4350,little,1-4yr,existing_paid,education,rent,1,0
34,6,1189,moderate,1-4yr,paid,repairs,own,1,1
37,48,14064,moderate,1-4yr,critical,business,rent,1,0
41,18,10642,moderate,4-7yr,delayed,business,free,1,1
22,24,5675,moderate,1-4yr,critical,car,rent,1,0
51,6,14274,moderate,<1yr,existing_paid,repairs,own,2,1
23,18,9148,quite_rich,1-4yr,critical,car,own,2,0
